GTFKinEz::{"job_id": "GTFKinEz", "job_name": "foo_GTFKinEz"}
TzfAHnVI::{"job_id": "TzfAHnVI", "job_name": "foo_TzfAHnVI"}
j_HOJfKYNk::{"job_id": "HOJfKYNk", "job_name": "foo_HOJfKYNk"}
j_lNAucDgW::{"job_id": "lNAucDgW", "job_name": "foo_lNAucDgW"}
SfXhcmNU::{"job_id": "SfXhcmNU", "job_name": "foo_SfXhcmNU"}
xahkjMtg::{"job_id": "xahkjMtg", "job_name": "foo_xahkjMtg"}
j_WgMpjTHU::{"job_id": "WgMpjTHU", "job_name": "foo_WgMpjTHU"}
j_wqocJjVC::{"job_id": "wqocJjVC", "job_name": "foo_wqocJjVC"}
lehaRCPK::{"job_id": "lehaRCPK", "job_name": "foo_lehaRCPK"}
j_GSuyebMw::{"job_id": "GSuyebMw", "job_name": "foo_GSuyebMw"}
